﻿<?xml version="1.0" encoding="utf-8"?>
<resources>
  <!--@color/primary-->
  <!--@color/accent-->
  <!--@color/white-->
  <!--@color/textDark_color-->
  <!--Get colors from: http://www.materialpalette.com/-->

  <color name="accent">#ffa142</color>
  <color name="primary">#f98f1d</color>
  <color name="accent_transparent">#80ffa142</color>
  <color name="primary_transparent">#30f98f1d</color>
  
  <color name="primaryDark">#bc6910</color>

  <color name="StartColorToolBar">#ffff</color>
  <color name="EndColorToolBar">#efefef</color>

  <color name="StartColorToolBarDark">#444444</color>
  <color name="EndColorToolBarDark">#282828</color>

  <color name="textDark_color">#444</color>
  <color name="text_color_in_between">#999</color>
  <color name="lightcolor">#efefef</color>
  <color name="anderblack_color">#ffefefef</color>
  <color name="lightPrimary">#B3E5FC</color>
  <color name="textIcon">#FFFFFF</color>
  <color name="primaryText">#212121</color>
  <color name="secondaryText">#727272</color>
  <color name="divider">#B6B6B6</color>
  <color name="activated_color">#E8E8E8</color>
  <color name="white">#ffffff</color>

  <color name="Dialog_Accent_color">#c7ac56</color>
  <color name="Dialog_text_color">#fafafa</color>
  <color name="Dialog_background_color">#5c8487</color>
  <color name="Dialog_Btn_color">#992e49</color>

  <color name="AutoLinkText_ModePhone_color">#008000</color>
  <color name="AutoLinkText_ModeEmail_color">#3e0e4c</color>
  <color name="AutoLinkText_ModeHashtag_color">#0000ff</color>
  <color name="AutoLinkText_ModeUrl_color">#df541e</color>
  <color name="AutoLinkText_ModeMention_color">#ff0000</color>

  <color name="right_ModePhone_color">#ffffff</color>
  <color name="right_ModeEmail_color">#ffffff</color>
  <color name="right_ModeHashtag_color">#ffffff</color>
  <color name="right_ModeUrl_color">#ffffff</color>
  <color name="right_ModeMention_color">#ffffff</color>

  <color name="Transparent_Comment_color">#4D000000</color>


</resources>
