﻿<?xml version="1.0" encoding="utf-8" ?>
<resources>
  <dimen name="fab_margin">16dp</dimen>
  <dimen name="padding_list_row">5dp</dimen>
  <dimen name="messages_padding_left">72dp</dimen>
  <dimen name="icon_width_height">40dp</dimen>
  <dimen name="msg_text_primary">16sp</dimen>
  <dimen name="msg_text_secondary">14sp</dimen>
  <dimen name="icon_star">25dp</dimen>
  <dimen name="icon_text">22dp</dimen>
  <dimen name="timestamp">12dp</dimen>
  <dimen name="space">12dp</dimen>
  <dimen name="circle">250dp</dimen>

  <dimen name="activity_horizontal_margin">16dp</dimen>
  <dimen name="activity_vertical_margin">16dp</dimen>
  <dimen name="nav_header_vertical_spacing">16dp</dimen>
  <dimen name="nav_header_height">200dp</dimen>
  <dimen name="fab_margin">16dp</dimen>
  <dimen name="viewpager_margin_overlap">-60dp</dimen>
  <dimen name="viewpager_margin_overlap_payment">-30dp</dimen>

  <!--genaral spacing-->
  <dimen name="spacing_xsmall">2dp</dimen>
  <dimen name="spacing_small">3dp</dimen>
  <dimen name="spacing_medium">5dp</dimen>
  <dimen name="spacing_xmedium">7dp</dimen>
  <dimen name="spacing_middle">10dp</dimen>
  <dimen name="spacing_large">15dp</dimen>
  <dimen name="spacing_smlarge">18dp</dimen>
  <dimen name="spacing_mlarge">20dp</dimen>
  <dimen name="spacing_mxlarge">25dp</dimen>
  <dimen name="spacing_xlarge">35dp</dimen>
  <dimen name="spacing_xmlarge">40dp</dimen>
  <dimen name="spacing_xxlarge">50dp</dimen>
  <dimen name="spacing_xxxlarge">55dp</dimen>
  <dimen name="appbar_padding_top">8dp</dimen>
 
  <dimen name="bottom_control_panel">120dp</dimen>
  <dimen name="status_bar_album_art">64dp</dimen>
  <dimen name="status_bar_button_info_container_padding_left">11dp</dimen>
  <dimen name="text_size_medium">16sp</dimen>


</resources>