﻿<?xml version="1.0" encoding="utf-8"?>
<PreferenceScreen xmlns:android="http://schemas.android.com/apk/res/android">
  <PreferenceCategory android:layout="@xml/divider"></PreferenceCategory>
  <!--PROFILE SECTION -->
  <PreferenceCategory android:title="@string/Lbl_General"  >
    
    <Preference
      android:key="general_key"
      android:title="@string/Lbl_General" />

    <Preference
      android:key="myAccount_key"
      android:title="@string/Lbl_MyAccount" />
    
    <Preference
      android:key="editPassword_key"
      android:title="@string/Lbl_Password"
      android:summary="@string/Lbl_Change_your_password" />
 
    <Preference
      android:key="blocked_key"
      android:title="@string/Lbl_BlockedUsers" />

    <PreferenceCategory android:layout="@xml/divider"></PreferenceCategory>

    <android.support.v7.preference.SwitchPreferenceCompat
      android:title="@string/Lbl_Night_Mode"
      android:key="Night_Mode_key"
      style="@style/SwitchCompatTheme"
      android:defaultValue="false" />

  </PreferenceCategory>
 
  <!--Interest  SECTION-->
  <PreferenceCategory android:layout="@xml/divider"></PreferenceCategory>
  <PreferenceCategory android:title="@string/Lbl_Interest" >

    <Preference
      android:key="interest_key"
      android:title="@string/Lbl_Interest"
      android:summary="@string/Lbl_SelectYourMusicPreference" />
 
  </PreferenceCategory>
 
  <!--Support SECTION-->
  <PreferenceCategory android:layout="@xml/divider"></PreferenceCategory>
  <PreferenceCategory android:title="@string/Lbl_Support">
   
    <Preference
        android:key="help_key"
        android:title="@string/Lbl_Help" />
  
    <Preference
      android:key="about_key"
      android:title="@string/Lbl_About" />

    <Preference
      android:key="deleteAccount_key"
      android:title="@string/Lbl_DeleteAccount" />
    
    <Preference 
      android:key="logout_key"
      android:title="@string/Lbl_Logout" />
  
  </PreferenceCategory>
  
</PreferenceScreen>